/*
-- Query: SELECT * FROM sge_infantil_db.frequencies
LIMIT 0, 1000

-- Date: 2019-11-25 17:52
*/
INSERT INTO `sucursals` (`id`,`code`,`description`,`active`,`created_by`,`updated_by`,`activated_by`,`activation_date`,`createdAt`,`updatedAt`) VALUES (1,'MT_01','Externato Luz do Dia',1,1,NULL,1,'2019-11-25 11:00:00','2019-11-25 11:00:00','2019-11-25 11:00:00');
INSERT INTO `sucursals` (`id`,`code`,`description`,`active`,`created_by`,`updated_by`,`activated_by`,`activation_date`,`createdAt`,`updatedAt`) VALUES (2,'MT_02','Centro Infantil Luz do Dia',1,1,NULL,1,'2019-11-25 11:00:00','2019-11-25 11:00:00','2019-11-25 11:00:00');
INSERT INTO `frequencies` (`level`,`description`,`sucursal_id`,`active`,`created_by`,`updated_by`,`activated_by`,`activation_date`,`createdAt`,`updatedAt`) VALUES (1,'Primeira  Classe',1,1,1,NULL,1,'2019-11-25 17:00:00','2019-11-25 17:00:00','2019-11-25 17:00:00');
INSERT INTO `frequencies` (`level`,`description`,`sucursal_id`,`active`,`created_by`,`updated_by`,`activated_by`,`activation_date`,`createdAt`,`updatedAt`) VALUES (2,'Segunda  Classe',1,1,1,NULL,1,'2019-11-25 17:00:00','2019-11-25 17:00:00','2019-11-25 17:00:00');
INSERT INTO `frequencies` (`level`,`description`,`sucursal_id`,`active`,`created_by`,`updated_by`,`activated_by`,`activation_date`,`createdAt`,`updatedAt`) VALUES (3,'Terceirea  Classe',1,1,1,NULL,1,'2019-11-25 17:00:00','2019-11-25 17:00:00','2019-11-25 17:00:00');
INSERT INTO `frequencies` (`level`,`description`,`sucursal_id`,`active`,`created_by`,`updated_by`,`activated_by`,`activation_date`,`createdAt`,`updatedAt`) VALUES (4,'Quarta  Classe',1,1,1,NULL,1,'2019-11-25 17:00:00','2019-11-25 17:00:00','2019-11-25 17:00:00');
INSERT INTO `frequencies` (`level`,`description`,`sucursal_id`,`active`,`created_by`,`updated_by`,`activated_by`,`activation_date`,`createdAt`,`updatedAt`) VALUES (5,'Quinta  Classe',1,1,1,NULL,1,'2019-11-25 17:00:00','2019-11-25 17:00:00','2019-11-25 17:00:00');
INSERT INTO `frequencies` (`level`,`description`,`sucursal_id`,`active`,`created_by`,`updated_by`,`activated_by`,`activation_date`,`createdAt`,`updatedAt`) VALUES (6,'Sexta  Classe',1,1,1,NULL,1,'2019-11-25 17:00:00','2019-11-25 17:00:00','2019-11-25 17:00:00');
INSERT INTO `frequencies` (`level`,`description`,`sucursal_id`,`active`,`created_by`,`updated_by`,`activated_by`,`activation_date`,`createdAt`,`updatedAt`) VALUES (7,'Sétima  Classe',1,1,1,NULL,1,'2019-11-25 17:00:00','2019-11-25 17:00:00','2019-11-25 17:00:00');
INSERT INTO `frequencies` (`level`,`description`,`sucursal_id`,`active`,`created_by`,`updated_by`,`activated_by`,`activation_date`,`createdAt`,`updatedAt`) VALUES (1,'Primeiro  Ano',2,1,1,NULL,1,'2019-11-25 17:00:00','2019-11-25 17:00:00','2019-11-25 17:00:00');
INSERT INTO `frequencies` (`level`,`description`,`sucursal_id`,`active`,`created_by`,`updated_by`,`activated_by`,`activation_date`,`createdAt`,`updatedAt`) VALUES (2,'Segundo Ano',2,1,1,NULL,1,'2019-11-25 17:00:00','2019-11-25 17:00:00','2019-11-25 17:00:00');
INSERT INTO `frequencies` (`level`,`description`,`sucursal_id`,`active`,`created_by`,`updated_by`,`activated_by`,`activation_date`,`createdAt`,`updatedAt`) VALUES (3,'Terceiro Ano',2,1,1,NULL,1,'2019-11-25 17:00:00','2019-11-25 17:00:00','2019-11-25 17:00:00');
INSERT INTO `frequencies` (`level`,`description`,`sucursal_id`,`active`,`created_by`,`updated_by`,`activated_by`,`activation_date`,`createdAt`,`updatedAt`) VALUES (4,'Quarto Ano',2,1,1,NULL,1,'2019-11-25 17:00:00','2019-11-25 17:00:00','2019-11-25 17:00:00');
INSERT INTO `frequencies` (`level`,`description`,`sucursal_id`,`active`,`created_by`,`updated_by`,`activated_by`,`activation_date`,`createdAt`,`updatedAt`) VALUES (5,'Quinto Ano',2,1,1,NULL,1,'2019-11-25 17:00:00','2019-11-25 17:00:00','2019-11-25 17:00:00');

INSERT INTO `sge_infantil_db`.`taxes` (`start_date`, `registrationValue`, `monthlyPayment`, `class_id`, `active`, `created_by`, `activated_by`, `activation_date`, `createdAt`, `updatedAt`) VALUES ('2017-11-25 18:00:00', '1400', '2500', '1', '1', '1', '1', '2017-11-25 18:00:00', '2017-11-25 18:00:00', '2017-11-25 18:00:00');
INSERT INTO `sge_infantil_db`.`taxes` (`start_date`, `registrationValue`, `monthlyPayment`, `class_id`, `active`, `created_by`, `activated_by`, `activation_date`, `createdAt`, `updatedAt`) VALUES ('2017-11-25 18:00:00', '1500', '3000', '2', '1', '1', '1', '2017-11-25 18:00:00', '2017-11-25 18:00:00', '2017-11-25 18:00:00');
INSERT INTO `sge_infantil_db`.`taxes` (`start_date`, `registrationValue`, `monthlyPayment`, `class_id`, `active`, `created_by`, `activated_by`, `activation_date`, `createdAt`, `updatedAt`) VALUES ('2017-11-25 18:00:00', '1600', '3500', '3', '1', '1', '1', '2017-11-25 18:00:00', '2017-11-25 18:00:00', '2017-11-25 18:00:00');
INSERT INTO `sge_infantil_db`.`taxes` (`start_date`, `registrationValue`, `monthlyPayment`, `class_id`, `active`, `created_by`, `activated_by`, `activation_date`, `createdAt`, `updatedAt`) VALUES ('2017-11-25 18:00:00', '1700', '3700', '4', '1', '1', '1', '2017-11-25 18:00:00', '2017-11-25 18:00:00', '2017-11-25 18:00:00');
INSERT INTO `sge_infantil_db`.`taxes` (`start_date`, `registrationValue`, `monthlyPayment`, `class_id`, `active`, `created_by`, `activated_by`, `activation_date`, `createdAt`, `updatedAt`) VALUES ('2017-11-25 18:00:00', '1800', '4000', '5', '1', '1', '1', '2017-11-25 18:00:00', '2017-11-25 18:00:00', '2017-11-25 18:00:00');
INSERT INTO `sge_infantil_db`.`taxes` (`start_date`, `registrationValue`, `monthlyPayment`, `class_id`, `active`, `created_by`, `activated_by`, `activation_date`, `createdAt`, `updatedAt`) VALUES ('2017-11-25 18:00:00', '2000', '4200', '6', '1', '1', '1', '2017-11-25 18:00:00', '2017-11-25 18:00:00', '2017-11-25 18:00:00');
INSERT INTO `sge_infantil_db`.`taxes` (`start_date`, `registrationValue`, `monthlyPayment`, `class_id`, `active`, `created_by`, `activated_by`, `activation_date`, `createdAt`, `updatedAt`) VALUES ('2017-11-25 18:00:00', '2050', '4500', '7', '1', '1', '1', '2017-11-25 18:00:00', '2017-11-25 18:00:00', '2017-11-25 18:00:00');
INSERT INTO `sge_infantil_db`.`taxes` (`start_date`, `registrationValue`, `monthlyPayment`, `class_id`, `active`, `created_by`, `activated_by`, `activation_date`, `createdAt`, `updatedAt`) VALUES ('2017-11-25 18:00:00', '2100', '1900', '8', '1', '1', '1', '2017-11-25 18:00:00', '2017-11-25 18:00:00', '2017-11-25 18:00:00');
INSERT INTO `sge_infantil_db`.`taxes` (`start_date`, `registrationValue`, `monthlyPayment`, `class_id`, `active`, `created_by`, `activated_by`, `activation_date`, `createdAt`, `updatedAt`) VALUES ('2017-11-25 18:00:00', '2100', '2200', '9', '1', '1', '1', '2017-11-25 18:00:00', '2017-11-25 18:00:00', '2017-11-25 18:00:00');
INSERT INTO `sge_infantil_db`.`taxes` (`start_date`, `registrationValue`, `monthlyPayment`, `class_id`, `active`, `created_by`, `activated_by`, `activation_date`, `createdAt`, `updatedAt`) VALUES ('2017-11-25 18:00:00', '2200', '2500', '10', '1', '1', '1', '2017-11-25 18:00:00', '2017-11-25 18:00:00', '2017-11-25 18:00:00');
INSERT INTO `sge_infantil_db`.`taxes` (`start_date`, `registrationValue`, `monthlyPayment`, `class_id`, `active`, `created_by`, `activated_by`, `activation_date`, `createdAt`, `updatedAt`) VALUES ('2017-11-25 18:00:00', '2500', '2700', '11', '1', '1', '1', '2017-11-25 18:00:00', '2017-11-25 18:00:00', '2017-11-25 18:00:00');
INSERT INTO `sge_infantil_db`.`taxes` (`start_date`, `registrationValue`, `monthlyPayment`, `class_id`, `active`, `created_by`, `activated_by`, `activation_date`, `createdAt`, `updatedAt`) VALUES ('2017-11-25 18:00:00', '2500', '3000', '12', '1', '1', '1', '2017-11-25 18:00:00', '2017-11-25 18:00:00', '2017-11-25 18:00:00');