/*
-- Query: SELECT * FROM sge_infantil_db.frequencies
LIMIT 0, 1000

-- Date: 2019-11-25 17:52
*/
INSERT INTO `sucursals` (`id`,`code`,`description`,`active`,`created_by`,`updated_by`,`activated_by`,`activation_date`,`createdAt`,`updatedAt`) VALUES (1,'MT_01','Externato Luz do Dia',1,1,NULL,1,'2019-11-25 11:00:00','2019-11-25 11:00:00','2019-11-25 11:00:00');
INSERT INTO `sucursals` (`id`,`code`,`description`,`active`,`created_by`,`updated_by`,`activated_by`,`activation_date`,`createdAt`,`updatedAt`) VALUES (2,'MT_02','Centro Infantil Luz do Dia',1,1,NULL,1,'2019-11-25 11:00:00','2019-11-25 11:00:00','2019-11-25 11:00:00');
INSERT INTO `frequencies` (`level`,`description`,`registrationValue`, `monthlyPayment`,`sucursal_id`,`active`,`created_by`,`updated_by`,`activated_by`,`activation_date`,`createdAt`,`updatedAt`) VALUES (1,'Primeira  Classe','1400', '2500',1,1,1,NULL,1,'2019-11-25 17:00:00','2019-11-25 17:00:00','2019-11-25 17:00:00');
INSERT INTO `frequencies` (`level`,`description`,`registrationValue`, `monthlyPayment`,`sucursal_id`,`active`,`created_by`,`updated_by`,`activated_by`,`activation_date`,`createdAt`,`updatedAt`) VALUES (2,'Segunda  Classe','1400', '2700',1,1,1,NULL,1,'2019-11-25 17:00:00','2019-11-25 17:00:00','2019-11-25 17:00:00');
INSERT INTO `frequencies` (`level`,`description`,`registrationValue`, `monthlyPayment`,`sucursal_id`,`active`,`created_by`,`updated_by`,`activated_by`,`activation_date`,`createdAt`,`updatedAt`) VALUES (3,'Terceirea  Classe','1400', '2800',1,1,1,NULL,1,'2019-11-25 17:00:00','2019-11-25 17:00:00','2019-11-25 17:00:00');
INSERT INTO `frequencies` (`level`,`description`,`registrationValue`, `monthlyPayment`,`sucursal_id`,`active`,`created_by`,`updated_by`,`activated_by`,`activation_date`,`createdAt`,`updatedAt`) VALUES (4,'Quarta  Classe','1500', '3000',1,1,1,NULL,1,'2019-11-25 17:00:00','2019-11-25 17:00:00','2019-11-25 17:00:00');
INSERT INTO `frequencies` (`level`,`description`,`registrationValue`, `monthlyPayment`,`sucursal_id`,`active`,`created_by`,`updated_by`,`activated_by`,`activation_date`,`createdAt`,`updatedAt`) VALUES (5,'Quinta  Classe','1600', '3500',1,1,1,NULL,1,'2019-11-25 17:00:00','2019-11-25 17:00:00','2019-11-25 17:00:00');
INSERT INTO `frequencies` (`level`,`description`,`registrationValue`, `monthlyPayment`,`sucursal_id`,`active`,`created_by`,`updated_by`,`activated_by`,`activation_date`,`createdAt`,`updatedAt`) VALUES (6,'Sexta  Classe','1700', '3700',1,1,1,NULL,1,'2019-11-25 17:00:00','2019-11-25 17:00:00','2019-11-25 17:00:00');
INSERT INTO `frequencies` (`level`,`description`,`registrationValue`, `monthlyPayment`,`sucursal_id`,`active`,`created_by`,`updated_by`,`activated_by`,`activation_date`,`createdAt`,`updatedAt`) VALUES (7,'Sétima  Classe','1800', '4000',1,1,1,NULL,1,'2019-11-25 17:00:00','2019-11-25 17:00:00','2019-11-25 17:00:00');
INSERT INTO `frequencies` (`level`,`description`,`registrationValue`, `monthlyPayment`,`sucursal_id`,`active`,`created_by`,`updated_by`,`activated_by`,`activation_date`,`createdAt`,`updatedAt`) VALUES (1,'Primeiro  Ano','2000', '4200',2,1,1,NULL,1,'2019-11-25 17:00:00','2019-11-25 17:00:00','2019-11-25 17:00:00');
INSERT INTO `frequencies` (`level`,`description`,`registrationValue`, `monthlyPayment`,`sucursal_id`,`active`,`created_by`,`updated_by`,`activated_by`,`activation_date`,`createdAt`,`updatedAt`) VALUES (2,'Segundo Ano', '2050', '4500',2,1,1,NULL,1,'2019-11-25 17:00:00','2019-11-25 17:00:00','2019-11-25 17:00:00');
INSERT INTO `frequencies` (`level`,`description`,`registrationValue`, `monthlyPayment`,`sucursal_id`,`active`,`created_by`,`updated_by`,`activated_by`,`activation_date`,`createdAt`,`updatedAt`) VALUES (3,'Terceiro Ano','2100', '2200',2,1,1,NULL,1,'2019-11-25 17:00:00','2019-11-25 17:00:00','2019-11-25 17:00:00');
INSERT INTO `frequencies` (`level`,`description`,`registrationValue`, `monthlyPayment`,`sucursal_id`,`active`,`created_by`,`updated_by`,`activated_by`,`activation_date`,`createdAt`,`updatedAt`) VALUES (4,'Quarto Ano', '2500', '2700',2,1,1,NULL,1,'2019-11-25 17:00:00','2019-11-25 17:00:00','2019-11-25 17:00:00');
INSERT INTO `frequencies` (`level`,`description`,`registrationValue`, `monthlyPayment`,`sucursal_id`,`active`,`created_by`,`updated_by`,`activated_by`,`activation_date`,`createdAt`,`updatedAt`) VALUES (5,'Quinto Ano','2500', '3000',2,1,1,NULL,1,'2019-11-25 17:00:00','2019-11-25 17:00:00','2019-11-25 17:00:00');

INSERT INTO `sge_infantil_db`.`paymentconfigs` (`smsSenderID`, `paymentStartDay`, `paymentEndDay`, `sucursal_id`, `active`, `created_by`, `activated_by`, `activation_date`, `createdAt`, `updatedAt`) VALUES ('LUZDIA', '20', '5', '1', '1', '1', '1', '2019-12-14 12:00:00', '2019-12-14 12:00:00', '2019-12-14 12:00:00');
INSERT INTO `sge_infantil_db`.`paymentconfigs` (`smsSenderID`, `paymentStartDay`, `paymentEndDay`, `sucursal_id`, `active`, `created_by`, `activated_by`, `activation_date`, `createdAt`, `updatedAt`) VALUES ('LUZDIA', '20', '5', '2', '1', '1', '1', '2019-12-14 12:00:00', '2019-12-14 12:00:00', '2019-12-14 12:00:00');

INSERT INTO `sge_infantil_db`.`transactions` (`code`, `description`, `active`, `created_by`, `activated_by`, `activation_date`, `createdAt`, `updatedAt`) VALUES ('ST_001', 'Cadastrar Estudante', '1', '1', '1', '2019-12-17 04:04:00', '2019-12-17 04:04:00', '2019-12-17 04:04:00');
INSERT INTO `sge_infantil_db`.`transactions` (`code`, `description`, `active`, `created_by`, `activated_by`, `activation_date`, `createdAt`, `updatedAt`) VALUES ('ST_002', 'Manter Estudante', '1', '1', '1', '2019-12-17 04:04:00', '2019-12-17 04:04:00', '2019-12-17 04:04:00');
INSERT INTO `sge_infantil_db`.`transactions` (`code`, `description`, `active`, `created_by`, `activated_by`, `activation_date`, `createdAt`, `updatedAt`) VALUES ('PY_001', 'Efectuar Pagamento', '1', '1', '1', '2019-12-17 04:04:00', '2019-12-17 04:04:00', '2019-12-17 04:04:00');
INSERT INTO `sge_infantil_db`.`transactions` (`code`, `description`, `active`, `created_by`, `activated_by`, `activation_date`, `createdAt`, `updatedAt`) VALUES ('PY_002', 'Ver Pagamentos Efectuados', '1', '1', '1', '2019-12-17 04:04:00', '2019-12-17 04:04:00', '2019-12-17 04:04:00');
INSERT INTO `sge_infantil_db`.`transactions` (`code`, `description`, `active`, `created_by`, `activated_by`, `activation_date`, `createdAt`, `updatedAt`) VALUES ('PY_002', 'Ver Pagamentos Atrasados', '1', '1', '1', '2019-12-17 04:04:00', '2019-12-17 04:04:00', '2019-12-17 04:04:00');
INSERT INTO `sge_infantil_db`.`transactions` (`code`, `description`, `active`, `created_by`, `activated_by`, `activation_date`, `createdAt`, `updatedAt`) VALUES ('CONF_001', 'Configurar Taxas', '1', '1', '1', '2019-12-17 04:04:00', '2019-12-17 04:04:00', '2019-12-17 04:04:00');
INSERT INTO `sge_infantil_db`.`transactions` (`code`, `description`, `active`, `created_by`, `activated_by`, `activation_date`, `createdAt`, `updatedAt`) VALUES ('USR_001', 'Cadastrar Utilizadores', '1', '1', '1', '2019-12-17 04:04:00', '2019-12-17 04:04:00', '2019-12-17 04:04:00');
INSERT INTO `sge_infantil_db`.`transactions` (`code`, `description`, `active`, `created_by`, `activated_by`, `activation_date`, `createdAt`, `updatedAt`) VALUES ('USR_002', 'Manter Utilizadores', '1', '1', '1', '2019-12-17 04:04:00', '2019-12-17 04:04:00', '2019-12-17 04:04:00');
INSERT INTO `sge_infantil_db`.`transactions` (`code`, `description`, `active`, `created_by`, `activated_by`, `activation_date`, `createdAt`, `updatedAt`) VALUES ('R_001', 'Emitir Comprovativo de Cadastro', '1', '1', '1', '2019-12-17 04:04:00', '2019-12-17 04:04:00', '2019-12-17 04:04:00');
INSERT INTO `sge_infantil_db`.`profiles` (`code`, `description`, `active`, `created_by`, `activated_by`, `activation_date`, `createdAt`, `updatedAt`) VALUES ('001', 'Funcionário(a)', '1', '1', '1', '2019-12-17 04:14:00', '2019-12-17 04:14:00', '2019-12-17 04:14:00');
INSERT INTO `sge_infantil_db`.`profiles` (`code`, `description`, `active`, `created_by`, `activated_by`, `activation_date`, `createdAt`, `updatedAt`) VALUES ('002', 'Director(a)', '1', '1', '1', '2019-12-17 04:14:00', '2019-12-17 04:14:00', '2019-12-17 04:14:00');

